-- =====================================================================
-- AssetFlow — Complete Seed Demo Data (100% Matching requirements)
-- =====================================================================

PRAGMA foreign_keys = ON;

-- 1. Departments
INSERT INTO departments (id, name, head_user_id, parent_department_id, status) VALUES
    (1, 'Administration', NULL, NULL, 'ACTIVE'),
    (2, 'Human Resources', NULL, NULL, 'ACTIVE'),
    (3, 'Finance', NULL, NULL, 'ACTIVE'),
    (4, 'Information Technology', NULL, NULL, 'ACTIVE'),
    (5, 'Software Development', NULL, NULL, 'ACTIVE'),
    (6, 'Quality Assurance', NULL, NULL, 'ACTIVE'),
    (7, 'Sales', NULL, NULL, 'ACTIVE'),
    (8, 'Marketing', NULL, NULL, 'ACTIVE'),
    (9, 'Operations', NULL, NULL, 'ACTIVE'),
    (10, 'Procurement', NULL, NULL, 'ACTIVE'),
    (11, 'Customer Support', NULL, NULL, 'ACTIVE'),
    (12, 'Research & Development', NULL, NULL, 'ACTIVE');

-- 2. Users
INSERT INTO users (id, name, email, password_hash, department_id, role, status) VALUES
    (1, 'System Administrator', 'admin@assetflow.com', '$2b$10$B3MjCfdGdGSpeW7q6a7k9u5l4zrHn6PBRbEK0Wd.Ri5r/v/u453Wq', 1, 'ADMIN', 'ACTIVE'),
    (2, 'Priya Sharma', 'manager1@assetflow.com', '$2b$10$B3MjCfdGdGSpeW7q6a7k9u5l4zrHn6PBRbEK0Wd.Ri5r/v/u453Wq', 4, 'ASSET_MANAGER', 'ACTIVE'),
    (3, 'Rohan Patel', 'manager2@assetflow.com', '$2b$10$B3MjCfdGdGSpeW7q6a7k9u5l4zrHn6PBRbEK0Wd.Ri5r/v/u453Wq', 9, 'ASSET_MANAGER', 'ACTIVE'),
    (4, 'Neha Gupta', 'manager3@assetflow.com', '$2b$10$B3MjCfdGdGSpeW7q6a7k9u5l4zrHn6PBRbEK0Wd.Ri5r/v/u453Wq', 10, 'ASSET_MANAGER', 'ACTIVE'),
    (5, 'Amit Verma', 'it.head@assetflow.com', '$2b$10$B3MjCfdGdGSpeW7q6a7k9u5l4zrHn6PBRbEK0Wd.Ri5r/v/u453Wq', 4, 'DEPT_HEAD', 'ACTIVE'),
    (6, 'Sneha Shah', 'hr.head@assetflow.com', '$2b$10$B3MjCfdGdGSpeW7q6a7k9u5l4zrHn6PBRbEK0Wd.Ri5r/v/u453Wq', 2, 'DEPT_HEAD', 'ACTIVE'),
    (7, 'Rahul Mehta', 'finance.head@assetflow.com', '$2b$10$B3MjCfdGdGSpeW7q6a7k9u5l4zrHn6PBRbEK0Wd.Ri5r/v/u453Wq', 3, 'DEPT_HEAD', 'ACTIVE'),
    (8, 'Aman Gupta', 'sales.head@assetflow.com', '$2b$10$B3MjCfdGdGSpeW7q6a7k9u5l4zrHn6PBRbEK0Wd.Ri5r/v/u453Wq', 7, 'DEPT_HEAD', 'ACTIVE'),
    (9, 'Vikas Khanna', 'marketing.head@assetflow.com', '$2b$10$B3MjCfdGdGSpeW7q6a7k9u5l4zrHn6PBRbEK0Wd.Ri5r/v/u453Wq', 8, 'DEPT_HEAD', 'ACTIVE'),
    (10, 'Ritu Singhal', 'ops.head@assetflow.com', '$2b$10$B3MjCfdGdGSpeW7q6a7k9u5l4zrHn6PBRbEK0Wd.Ri5r/v/u453Wq', 9, 'DEPT_HEAD', 'ACTIVE'),
    (11, 'Sanjay Roy', 'dev.head@assetflow.com', '$2b$10$B3MjCfdGdGSpeW7q6a7k9u5l4zrHn6PBRbEK0Wd.Ri5r/v/u453Wq', 5, 'DEPT_HEAD', 'ACTIVE'),
    (12, 'Kiran Bedi', 'qa.head@assetflow.com', '$2b$10$B3MjCfdGdGSpeW7q6a7k9u5l4zrHn6PBRbEK0Wd.Ri5r/v/u453Wq', 6, 'DEPT_HEAD', 'ACTIVE'),
    (13, 'Deepak Kapoor', 'procure.head@assetflow.com', '$2b$10$B3MjCfdGdGSpeW7q6a7k9u5l4zrHn6PBRbEK0Wd.Ri5r/v/u453Wq', 10, 'DEPT_HEAD', 'ACTIVE'),
    (14, 'Shalini Sen', 'support.head@assetflow.com', '$2b$10$B3MjCfdGdGSpeW7q6a7k9u5l4zrHn6PBRbEK0Wd.Ri5r/v/u453Wq', 11, 'DEPT_HEAD', 'ACTIVE'),
    (15, 'Raj Singh', 'raj.singh@assetflow.com', '$2b$10$B3MjCfdGdGSpeW7q6a7k9u5l4zrHn6PBRbEK0Wd.Ri5r/v/u453Wq', 4, 'EMPLOYEE', 'ACTIVE'),
    (16, 'Anjali Patel', 'anjali.patel@assetflow.com', '$2b$10$B3MjCfdGdGSpeW7q6a7k9u5l4zrHn6PBRbEK0Wd.Ri5r/v/u453Wq', 2, 'EMPLOYEE', 'ACTIVE'),
    (17, 'Arjun Kumar', 'arjun.kumar@assetflow.com', '$2b$10$B3MjCfdGdGSpeW7q6a7k9u5l4zrHn6PBRbEK0Wd.Ri5r/v/u453Wq', 3, 'EMPLOYEE', 'ACTIVE'),
    (18, 'Karan Shah', 'karan.shah@assetflow.com', '$2b$10$B3MjCfdGdGSpeW7q6a7k9u5l4zrHn6PBRbEK0Wd.Ri5r/v/u453Wq', 5, 'EMPLOYEE', 'ACTIVE'),
    (19, 'Mohit Jain', 'mohit.jain@assetflow.com', '$2b$10$B3MjCfdGdGSpeW7q6a7k9u5l4zrHn6PBRbEK0Wd.Ri5r/v/u453Wq', 5, 'EMPLOYEE', 'ACTIVE'),
    (20, 'Pooja Sharma', 'pooja.sharma@assetflow.com', '$2b$10$B3MjCfdGdGSpeW7q6a7k9u5l4zrHn6PBRbEK0Wd.Ri5r/v/u453Wq', 6, 'EMPLOYEE', 'ACTIVE'),
    (21, 'Neel Patel', 'neel.patel@assetflow.com', '$2b$10$B3MjCfdGdGSpeW7q6a7k9u5l4zrHn6PBRbEK0Wd.Ri5r/v/u453Wq', 7, 'EMPLOYEE', 'ACTIVE'),
    (22, 'Harsh Trivedi', 'harsh.trivedi@assetflow.com', '$2b$10$B3MjCfdGdGSpeW7q6a7k9u5l4zrHn6PBRbEK0Wd.Ri5r/v/u453Wq', 8, 'EMPLOYEE', 'ACTIVE'),
    (23, 'Ayesha Khan', 'ayesha.khan@assetflow.com', '$2b$10$B3MjCfdGdGSpeW7q6a7k9u5l4zrHn6PBRbEK0Wd.Ri5r/v/u453Wq', 9, 'EMPLOYEE', 'ACTIVE'),
    (24, 'Riya Patel', 'riya.patel@assetflow.com', '$2b$10$B3MjCfdGdGSpeW7q6a7k9u5l4zrHn6PBRbEK0Wd.Ri5r/v/u453Wq', 5, 'EMPLOYEE', 'ACTIVE'),
    (25, 'Devendra Singh', 'devendra.singh@assetflow.com', '$2b$10$B3MjCfdGdGSpeW7q6a7k9u5l4zrHn6PBRbEK0Wd.Ri5r/v/u453Wq', 4, 'EMPLOYEE', 'ACTIVE'),
    (26, 'Jyoti Basu', 'jyoti.basu@assetflow.com', '$2b$10$B3MjCfdGdGSpeW7q6a7k9u5l4zrHn6PBRbEK0Wd.Ri5r/v/u453Wq', 10, 'EMPLOYEE', 'ACTIVE'),
    (27, 'Tarun Kumar', 'tarun.kumar@assetflow.com', '$2b$10$B3MjCfdGdGSpeW7q6a7k9u5l4zrHn6PBRbEK0Wd.Ri5r/v/u453Wq', 11, 'EMPLOYEE', 'ACTIVE'),
    (28, 'Nisha Pillai', 'nisha.pillai@assetflow.com', '$2b$10$B3MjCfdGdGSpeW7q6a7k9u5l4zrHn6PBRbEK0Wd.Ri5r/v/u453Wq', 12, 'EMPLOYEE', 'ACTIVE'),
    (29, 'Gaurav Gera', 'gaurav.gera@assetflow.com', '$2b$10$B3MjCfdGdGSpeW7q6a7k9u5l4zrHn6PBRbEK0Wd.Ri5r/v/u453Wq', 12, 'EMPLOYEE', 'ACTIVE'),
    (30, 'Vikram Seth', 'vikram.seth@assetflow.com', '$2b$10$B3MjCfdGdGSpeW7q6a7k9u5l4zrHn6PBRbEK0Wd.Ri5r/v/u453Wq', 5, 'EMPLOYEE', 'ACTIVE'),
    (31, 'Preeti Zinta', 'preeti.zinta@assetflow.com', '$2b$10$B3MjCfdGdGSpeW7q6a7k9u5l4zrHn6PBRbEK0Wd.Ri5r/v/u453Wq', 2, 'EMPLOYEE', 'ACTIVE'),
    (32, 'Abhishek Ray', 'abhishek.ray@assetflow.com', '$2b$10$B3MjCfdGdGSpeW7q6a7k9u5l4zrHn6PBRbEK0Wd.Ri5r/v/u453Wq', 3, 'EMPLOYEE', 'ACTIVE'),
    (33, 'Shreya Ghoshal', 'shreya.ghoshal@assetflow.com', '$2b$10$B3MjCfdGdGSpeW7q6a7k9u5l4zrHn6PBRbEK0Wd.Ri5r/v/u453Wq', 8, 'EMPLOYEE', 'ACTIVE'),
    (34, 'Sonu Nigam', 'sonu.nigam@assetflow.com', '$2b$10$B3MjCfdGdGSpeW7q6a7k9u5l4zrHn6PBRbEK0Wd.Ri5r/v/u453Wq', 9, 'EMPLOYEE', 'ACTIVE'),
    (35, 'Alka Yagnik', 'alka.yagnik@assetflow.com', '$2b$10$B3MjCfdGdGSpeW7q6a7k9u5l4zrHn6PBRbEK0Wd.Ri5r/v/u453Wq', 6, 'EMPLOYEE', 'ACTIVE'),
    (36, 'Udit Narayan', 'udit.narayan@assetflow.com', '$2b$10$B3MjCfdGdGSpeW7q6a7k9u5l4zrHn6PBRbEK0Wd.Ri5r/v/u453Wq', 7, 'EMPLOYEE', 'ACTIVE'),
    (37, 'Kumar Sanu', 'kumar.sanu@assetflow.com', '$2b$10$B3MjCfdGdGSpeW7q6a7k9u5l4zrHn6PBRbEK0Wd.Ri5r/v/u453Wq', 10, 'EMPLOYEE', 'ACTIVE'),
    (38, 'Arijit Singh', 'arijit.singh@assetflow.com', '$2b$10$B3MjCfdGdGSpeW7q6a7k9u5l4zrHn6PBRbEK0Wd.Ri5r/v/u453Wq', 5, 'EMPLOYEE', 'ACTIVE'),
    (39, 'Jubin Nautiyal', 'jubin.nautiyal@assetflow.com', '$2b$10$B3MjCfdGdGSpeW7q6a7k9u5l4zrHn6PBRbEK0Wd.Ri5r/v/u453Wq', 4, 'EMPLOYEE', 'ACTIVE'),
    (40, 'Armaan Malik', 'armaan.malik@assetflow.com', '$2b$10$B3MjCfdGdGSpeW7q6a7k9u5l4zrHn6PBRbEK0Wd.Ri5r/v/u453Wq', 5, 'EMPLOYEE', 'ACTIVE');

-- Department head associations
UPDATE departments SET head_user_id = 5 WHERE id = 4;
UPDATE departments SET head_user_id = 6 WHERE id = 2;
UPDATE departments SET head_user_id = 7 WHERE id = 3;
UPDATE departments SET head_user_id = 8 WHERE id = 7;
UPDATE departments SET head_user_id = 9 WHERE id = 8;
UPDATE departments SET head_user_id = 10 WHERE id = 9;
UPDATE departments SET head_user_id = 11 WHERE id = 5;
UPDATE departments SET head_user_id = 12 WHERE id = 6;
UPDATE departments SET head_user_id = 13 WHERE id = 10;
UPDATE departments SET head_user_id = 14 WHERE id = 11;

-- 3. Asset Categories
INSERT INTO asset_categories (id, name, extra_fields_schema) VALUES
    (1, 'Laptops', NULL),
    (2, 'Desktops', NULL),
    (3, 'Monitors', NULL),
    (4, 'Printers', NULL),
    (5, 'Networking', NULL),
    (6, 'Servers', NULL),
    (7, 'Projectors', NULL),
    (8, 'Conference Rooms', NULL),
    (9, 'Meeting Rooms', NULL),
    (10, 'Vehicles', NULL),
    (11, 'Furniture', NULL),
    (12, 'Mobile Devices', NULL),
    (13, 'Accessories', NULL),
    (14, 'Security Devices', NULL),
    (15, 'Software Licenses', NULL);

-- 4. Assets
INSERT INTO assets (id, asset_tag, name, category_id, serial_number, qr_code, acquisition_date, acquisition_cost, condition, location, department_id, status, is_bookable) VALUES
    (1, 'AF-LAP-0001', 'Dell Latitude 7440 (1)', 1, 'LAP-SR-1001', 'QR-LAP-1001', '2024-02-10', 85000, 'GOOD', 'Floor 2, Wing B', 2, 'ALLOCATED', 0),
    (2, 'AF-LAP-0002', 'HP EliteBook 840 (2)', 1, 'LAP-SR-1002', 'QR-LAP-1002', '2024-03-10', 92000, 'GOOD', 'Floor 3, Wing A', 3, 'ALLOCATED', 0),
    (3, 'AF-LAP-0003', 'Lenovo ThinkPad T14 (3)', 1, 'LAP-SR-1003', 'QR-LAP-1003', '2024-04-10', 78000, 'GOOD', 'Floor 1, Wing B', 4, 'ALLOCATED', 0),
    (4, 'AF-LAP-0004', 'MacBook Pro M3 (4)', 1, 'LAP-SR-1004', 'QR-LAP-1004', '2024-05-10', 165000, 'GOOD', 'Floor 2, Wing A', 5, 'ALLOCATED', 0),
    (5, 'AF-LAP-0005', 'MacBook Air M2 (5)', 1, 'LAP-SR-1005', 'QR-LAP-1005', '2024-06-10', 115000, 'FAIR', 'Floor 3, Wing B', 6, 'ALLOCATED', 0),
    (6, 'AF-DSK-0001', 'Dell OptiPlex 7010 (1)', 2, 'DSK-SR-1006', 'QR-DSK-1006', '2024-07-10', 55000, 'GOOD', 'Floor 1, Wing A', 7, 'ALLOCATED', 0),
    (7, 'AF-DSK-0002', 'HP ProTower 290 (2)', 2, 'DSK-SR-1007', 'QR-DSK-1007', '2024-08-10', 48000, 'GOOD', 'Floor 2, Wing B', 8, 'ALLOCATED', 0),
    (8, 'AF-DSK-0003', 'iMac 24" M3 (3)', 2, 'DSK-SR-1008', 'QR-DSK-1008', '2024-01-10', 135000, 'GOOD', 'Floor 3, Wing A', 9, 'ALLOCATED', 0),
    (9, 'AF-MON-0001', 'Dell 24" Monitor P2422H (1)', 3, 'MON-SR-1009', 'QR-MON-1009', '2024-02-10', 14000, 'GOOD', 'Floor 1, Wing B', 10, 'ALLOCATED', 0),
    (10, 'AF-MON-0002', 'LG UltraWide 29" (2)', 3, 'MON-SR-1010', 'QR-MON-1010', '2024-03-10', 22000, 'FAIR', 'Floor 2, Wing A', 11, 'ALLOCATED', 0),
    (11, 'AF-MON-0003', 'Samsung Curved 27" (3)', 3, 'MON-SR-1011', 'QR-MON-1011', '2024-04-10', 19000, 'GOOD', 'Floor 3, Wing B', 12, 'ALLOCATED', 0),
    (12, 'AF-MON-0004', 'BenQ Designer 27" PD2700Q (4)', 3, 'MON-SR-1012', 'QR-MON-1012', '2024-05-10', 28000, 'GOOD', 'Floor 1, Wing A', 1, 'ALLOCATED', 0),
    (13, 'AF-PRN-0001', 'HP LaserJet Pro (1)', 4, 'PRN-SR-1013', 'QR-PRN-1013', '2024-06-10', 24000, 'GOOD', 'Floor 2, Wing B', 2, 'ALLOCATED', 0),
    (14, 'AF-PRN-0002', 'Canon ImageRunner (2)', 4, 'PRN-SR-1014', 'QR-PRN-1014', '2024-07-10', 120000, 'GOOD', 'Floor 3, Wing A', 3, 'ALLOCATED', 0),
    (15, 'AF-PRN-0003', 'Brother DCP L2520D (3)', 4, 'PRN-SR-1015', 'QR-PRN-1015', '2024-08-10', 16500, 'FAIR', 'Floor 1, Wing B', 4, 'ALLOCATED', 0),
    (16, 'AF-PRN-0004', 'Epson EcoTank L3210 (4)', 4, 'PRN-SR-1016', 'QR-PRN-1016', '2024-01-10', 14500, 'GOOD', 'Floor 2, Wing A', 5, 'ALLOCATED', 0),
    (17, 'AF-NET-0001', 'Cisco Integrated Services Router (1)', 5, 'NET-SR-1017', 'QR-NET-1017', '2024-02-10', 65000, 'GOOD', 'Floor 3, Wing B', 6, 'ALLOCATED', 0),
    (18, 'AF-NET-0002', 'Cisco Catalyst Switch 24-Port (2)', 5, 'NET-SR-1018', 'QR-NET-1018', '2024-03-10', 45000, 'GOOD', 'Floor 1, Wing A', 7, 'ALLOCATED', 0),
    (19, 'AF-NET-0003', 'UniFi Access Point U6 Pro (3)', 5, 'NET-SR-1019', 'QR-NET-1019', '2024-04-10', 18000, 'GOOD', 'Floor 2, Wing B', 8, 'ALLOCATED', 0),
    (20, 'AF-NET-0004', 'Firewall Appliance FortiGate (4)', 5, 'NET-SR-1020', 'QR-NET-1020', '2024-05-10', 95000, 'FAIR', 'Floor 3, Wing A', 9, 'ALLOCATED', 0),
    (21, 'AF-SRV-0001', 'Dell PowerEdge R760 (1)', 6, 'SRV-SR-1021', 'QR-SRV-1021', '2024-06-10', 350000, 'GOOD', 'Floor 1, Wing B', 10, 'ALLOCATED', 0),
    (22, 'AF-SRV-0002', 'HP ProLiant DL380 (2)', 6, 'SRV-SR-1022', 'QR-SRV-1022', '2024-07-10', 310000, 'GOOD', 'Floor 2, Wing A', 11, 'ALLOCATED', 0),
    (23, 'AF-PRJ-0001', 'Epson EB-X06 Projector (1)', 7, 'PRJ-SR-1023', 'QR-PRJ-1023', '2024-08-10', 38000, 'GOOD', 'Shared Facilities Pool', 12, 'ALLOCATED', 1),
    (24, 'AF-PRJ-0002', 'BenQ MX535 Projector (2)', 7, 'PRJ-SR-1024', 'QR-PRJ-1024', '2024-01-10', 32000, 'GOOD', 'Shared Facilities Pool', 1, 'ALLOCATED', 1),
    (25, 'AF-PRJ-0003', 'Sony VPL-DX221 (3)', 7, 'PRJ-SR-1025', 'QR-PRJ-1025', '2024-02-10', 42000, 'FAIR', 'Shared Facilities Pool', 2, 'ALLOCATED', 1),
    (26, 'AF-ROOM-0001', 'Conference Room A (1)', 8, 'ROOM-SR-1026', 'QR-ROOM-1026', '2024-03-10', 0, 'GOOD', 'Shared Facilities Pool', 3, 'ALLOCATED', 1),
    (27, 'AF-ROOM-0002', 'Conference Room B (2)', 8, 'ROOM-SR-1027', 'QR-ROOM-1027', '2024-04-10', 0, 'GOOD', 'Shared Facilities Pool', 4, 'ALLOCATED', 1),
    (28, 'AF-ROOM-0003', 'Meeting Room Alpha (3)', 9, 'ROOM-SR-1028', 'QR-ROOM-1028', '2024-05-10', 0, 'GOOD', 'Shared Facilities Pool', 5, 'ALLOCATED', 1),
    (29, 'AF-ROOM-0004', 'Meeting Room Beta (4)', 9, 'ROOM-SR-1029', 'QR-ROOM-1029', '2024-06-10', 0, 'GOOD', 'Shared Facilities Pool', 6, 'ALLOCATED', 1),
    (30, 'AF-ROOM-0005', 'Training Room 1 (5)', 8, 'ROOM-SR-1030', 'QR-ROOM-1030', '2024-07-10', 0, 'FAIR', 'Shared Facilities Pool', 7, 'ALLOCATED', 1),
    (31, 'AF-ROOM-0006', 'Executive Board Room (6)', 8, 'ROOM-SR-1031', 'QR-ROOM-1031', '2024-08-10', 0, 'GOOD', 'Shared Facilities Pool', 8, 'ALLOCATED', 1),
    (32, 'AF-VEH-0001', 'Toyota Innova Crysta (1)', 10, 'VEH-SR-1032', 'QR-VEH-1032', '2024-01-10', 2400000, 'GOOD', 'Shared Facilities Pool', 9, 'ALLOCATED', 1),
    (33, 'AF-VEH-0002', 'Hyundai Creta (2)', 10, 'VEH-SR-1033', 'QR-VEH-1033', '2024-02-10', 1500000, 'GOOD', 'Shared Facilities Pool', 10, 'ALLOCATED', 1),
    (34, 'AF-VEH-0003', 'Maruti Ertiga VXI (3)', 10, 'VEH-SR-1034', 'QR-VEH-1034', '2024-03-10', 1100000, 'GOOD', 'Shared Facilities Pool', 11, 'ALLOCATED', 1),
    (35, 'AF-VEH-0004', 'Honda City i-VTEC (4)', 10, 'VEH-SR-1035', 'QR-VEH-1035', '2024-04-10', 1300000, 'FAIR', 'Shared Facilities Pool', 12, 'ALLOCATED', 1),
    (36, 'AF-VEH-0005', 'Ather 450X Electric Scooter (5)', 10, 'VEH-SR-1036', 'QR-VEH-1036', '2024-05-10', 160000, 'GOOD', 'Shared Facilities Pool', 1, 'ALLOCATED', 1),
    (37, 'AF-VEH-0006', 'Mahindra Delivery Van (6)', 10, 'VEH-SR-1037', 'QR-VEH-1037', '2024-06-10', 850000, 'GOOD', 'Shared Facilities Pool', 2, 'ALLOCATED', 1),
    (38, 'AF-FUR-0001', 'Ergonomic Office Chair (1)', 11, 'FUR-SR-1038', 'QR-FUR-1038', '2024-07-10', 12000, 'GOOD', 'Floor 3, Wing A', 3, 'ALLOCATED', 0),
    (39, 'AF-FUR-0002', 'Electric Standing Desk (2)', 11, 'FUR-SR-1039', 'QR-FUR-1039', '2024-08-10', 24000, 'GOOD', 'Floor 1, Wing B', 4, 'ALLOCATED', 0),
    (40, 'AF-FUR-0003', 'Executive L-Shape Desk (3)', 11, 'FUR-SR-1040', 'QR-FUR-1040', '2024-01-10', 45000, 'FAIR', 'Floor 2, Wing A', 5, 'ALLOCATED', 0),
    (41, 'AF-FUR-0004', 'Modular Meeting Table (4)', 11, 'FUR-SR-1041', 'QR-FUR-1041', '2024-02-10', 65000, 'GOOD', 'Floor 3, Wing B', 6, 'AVAILABLE', 0),
    (42, 'AF-FUR-0005', 'Metal Storage Cabinet (5)', 11, 'FUR-SR-1042', 'QR-FUR-1042', '2024-03-10', 15000, 'GOOD', 'Floor 1, Wing A', 7, 'AVAILABLE', 0),
    (43, 'AF-MOB-0001', 'iPhone 15 Pro Max (1)', 12, 'MOB-SR-1043', 'QR-MOB-1043', '2024-04-10', 140000, 'GOOD', 'Floor 2, Wing B', 8, 'AVAILABLE', 0),
    (44, 'AF-MOB-0002', 'Samsung Galaxy S24 Ultra (2)', 12, 'MOB-SR-1044', 'QR-MOB-1044', '2024-05-10', 125000, 'GOOD', 'Floor 3, Wing A', 9, 'AVAILABLE', 0),
    (45, 'AF-MOB-0003', 'iPad Air 10.9" (3)', 12, 'MOB-SR-1045', 'QR-MOB-1045', '2024-06-10', 58000, 'FAIR', 'Floor 1, Wing B', 10, 'AVAILABLE', 0),
    (46, 'AF-MOB-0004', 'Microsoft Surface Go 4 (4)', 12, 'MOB-SR-1046', 'QR-MOB-1046', '2024-07-10', 42000, 'GOOD', 'Floor 2, Wing A', 11, 'AVAILABLE', 0),
    (47, 'AF-LAP-0006', 'Dell Latitude 7440 (6)', 1, 'LAP-SR-1047', 'QR-LAP-1047', '2024-08-10', 85000, 'GOOD', 'Floor 3, Wing B', 12, 'AVAILABLE', 0),
    (48, 'AF-LAP-0007', 'HP EliteBook 840 (7)', 1, 'LAP-SR-1048', 'QR-LAP-1048', '2024-01-10', 92000, 'GOOD', 'Floor 1, Wing A', 1, 'AVAILABLE', 0),
    (49, 'AF-LAP-0008', 'Lenovo ThinkPad T14 (8)', 1, 'LAP-SR-1049', 'QR-LAP-1049', '2024-02-10', 78000, 'GOOD', 'Floor 2, Wing B', 2, 'AVAILABLE', 0),
    (50, 'AF-LAP-0009', 'MacBook Pro M3 (9)', 1, 'LAP-SR-1050', 'QR-LAP-1050', '2024-03-10', 165000, 'FAIR', 'Floor 3, Wing A', 3, 'AVAILABLE', 0),
    (51, 'AF-LAP-0010', 'MacBook Air M2 (10)', 1, 'LAP-SR-1051', 'QR-LAP-1051', '2024-04-10', 115000, 'GOOD', 'Floor 1, Wing B', 4, 'AVAILABLE', 0),
    (52, 'AF-DSK-0004', 'Dell OptiPlex 7010 (4)', 2, 'DSK-SR-1052', 'QR-DSK-1052', '2024-05-10', 55000, 'GOOD', 'Floor 2, Wing A', 5, 'AVAILABLE', 0),
    (53, 'AF-DSK-0005', 'HP ProTower 290 (5)', 2, 'DSK-SR-1053', 'QR-DSK-1053', '2024-06-10', 48000, 'GOOD', 'Floor 3, Wing B', 6, 'AVAILABLE', 0),
    (54, 'AF-DSK-0006', 'iMac 24" M3 (6)', 2, 'DSK-SR-1054', 'QR-DSK-1054', '2024-07-10', 135000, 'GOOD', 'Floor 1, Wing A', 7, 'AVAILABLE', 0),
    (55, 'AF-MON-0005', 'Dell 24" Monitor P2422H (5)', 3, 'MON-SR-1055', 'QR-MON-1055', '2024-08-10', 14000, 'FAIR', 'Floor 2, Wing B', 8, 'AVAILABLE', 0),
    (56, 'AF-MON-0006', 'LG UltraWide 29" (6)', 3, 'MON-SR-1056', 'QR-MON-1056', '2024-01-10', 22000, 'GOOD', 'Floor 3, Wing A', 9, 'AVAILABLE', 0),
    (57, 'AF-MON-0007', 'Samsung Curved 27" (7)', 3, 'MON-SR-1057', 'QR-MON-1057', '2024-02-10', 19000, 'GOOD', 'Floor 1, Wing B', 10, 'AVAILABLE', 0),
    (58, 'AF-MON-0008', 'BenQ Designer 27" PD2700Q (8)', 3, 'MON-SR-1058', 'QR-MON-1058', '2024-03-10', 28000, 'GOOD', 'Floor 2, Wing A', 11, 'AVAILABLE', 0),
    (59, 'AF-PRN-0005', 'HP LaserJet Pro (5)', 4, 'PRN-SR-1059', 'QR-PRN-1059', '2024-04-10', 24000, 'GOOD', 'Floor 3, Wing B', 12, 'AVAILABLE', 0),
    (60, 'AF-PRN-0006', 'Canon ImageRunner (6)', 4, 'PRN-SR-1060', 'QR-PRN-1060', '2024-05-10', 120000, 'FAIR', 'Floor 1, Wing A', 1, 'AVAILABLE', 0),
    (61, 'AF-PRN-0007', 'Brother DCP L2520D (7)', 4, 'PRN-SR-1061', 'QR-PRN-1061', '2024-06-10', 16500, 'GOOD', 'Floor 2, Wing B', 2, 'AVAILABLE', 0),
    (62, 'AF-PRN-0008', 'Epson EcoTank L3210 (8)', 4, 'PRN-SR-1062', 'QR-PRN-1062', '2024-07-10', 14500, 'GOOD', 'Floor 3, Wing A', 3, 'AVAILABLE', 0),
    (63, 'AF-NET-0005', 'Cisco Integrated Services Router (5)', 5, 'NET-SR-1063', 'QR-NET-1063', '2024-08-10', 65000, 'GOOD', 'Floor 1, Wing B', 4, 'AVAILABLE', 0),
    (64, 'AF-NET-0006', 'Cisco Catalyst Switch 24-Port (6)', 5, 'NET-SR-1064', 'QR-NET-1064', '2024-01-10', 45000, 'GOOD', 'Floor 2, Wing A', 5, 'AVAILABLE', 0),
    (65, 'AF-NET-0007', 'UniFi Access Point U6 Pro (7)', 5, 'NET-SR-1065', 'QR-NET-1065', '2024-02-10', 18000, 'FAIR', 'Floor 3, Wing B', 6, 'AVAILABLE', 0),
    (66, 'AF-NET-0008', 'Firewall Appliance FortiGate (8)', 5, 'NET-SR-1066', 'QR-NET-1066', '2024-03-10', 95000, 'GOOD', 'Floor 1, Wing A', 7, 'AVAILABLE', 0),
    (67, 'AF-SRV-0003', 'Dell PowerEdge R760 (3)', 6, 'SRV-SR-1067', 'QR-SRV-1067', '2024-04-10', 350000, 'GOOD', 'Floor 2, Wing B', 8, 'AVAILABLE', 0),
    (68, 'AF-SRV-0004', 'HP ProLiant DL380 (4)', 6, 'SRV-SR-1068', 'QR-SRV-1068', '2024-05-10', 310000, 'GOOD', 'Floor 3, Wing A', 9, 'AVAILABLE', 0),
    (69, 'AF-PRJ-0004', 'Epson EB-X06 Projector (4)', 7, 'PRJ-SR-1069', 'QR-PRJ-1069', '2024-06-10', 38000, 'GOOD', 'Shared Facilities Pool', 10, 'AVAILABLE', 1),
    (70, 'AF-PRJ-0005', 'BenQ MX535 Projector (5)', 7, 'PRJ-SR-1070', 'QR-PRJ-1070', '2024-07-10', 32000, 'FAIR', 'Shared Facilities Pool', 11, 'AVAILABLE', 1),
    (71, 'AF-PRJ-0006', 'Sony VPL-DX221 (6)', 7, 'PRJ-SR-1071', 'QR-PRJ-1071', '2024-08-10', 42000, 'GOOD', 'Shared Facilities Pool', 12, 'AVAILABLE', 1),
    (72, 'AF-ROOM-0007', 'Conference Room A (7)', 8, 'ROOM-SR-1072', 'QR-ROOM-1072', '2024-01-10', 0, 'GOOD', 'Shared Facilities Pool', 1, 'AVAILABLE', 1),
    (73, 'AF-ROOM-0008', 'Conference Room B (8)', 8, 'ROOM-SR-1073', 'QR-ROOM-1073', '2024-02-10', 0, 'GOOD', 'Shared Facilities Pool', 2, 'AVAILABLE', 1),
    (74, 'AF-ROOM-0009', 'Meeting Room Alpha (9)', 9, 'ROOM-SR-1074', 'QR-ROOM-1074', '2024-03-10', 0, 'GOOD', 'Shared Facilities Pool', 3, 'AVAILABLE', 1),
    (75, 'AF-ROOM-0010', 'Meeting Room Beta (10)', 9, 'ROOM-SR-1075', 'QR-ROOM-1075', '2024-04-10', 0, 'FAIR', 'Shared Facilities Pool', 4, 'AVAILABLE', 1),
    (76, 'AF-ROOM-0011', 'Training Room 1 (11)', 8, 'ROOM-SR-1076', 'QR-ROOM-1076', '2024-05-10', 0, 'DAMAGED', 'Shared Facilities Pool', 5, 'UNDER_MAINTENANCE', 1),
    (77, 'AF-ROOM-0012', 'Executive Board Room (12)', 8, 'ROOM-SR-1077', 'QR-ROOM-1077', '2024-06-10', 0, 'DAMAGED', 'Shared Facilities Pool', 6, 'UNDER_MAINTENANCE', 1),
    (78, 'AF-VEH-0007', 'Toyota Innova Crysta (7)', 10, 'VEH-SR-1078', 'QR-VEH-1078', '2024-07-10', 2400000, 'DAMAGED', 'Shared Facilities Pool', 7, 'UNDER_MAINTENANCE', 1),
    (79, 'AF-VEH-0008', 'Hyundai Creta (8)', 10, 'VEH-SR-1079', 'QR-VEH-1079', '2024-08-10', 1500000, 'DAMAGED', 'Shared Facilities Pool', 8, 'UNDER_MAINTENANCE', 1),
    (80, 'AF-VEH-0009', 'Maruti Ertiga VXI (9)', 10, 'VEH-SR-1080', 'QR-VEH-1080', '2024-01-10', 1100000, 'DAMAGED', 'Shared Facilities Pool', 9, 'UNDER_MAINTENANCE', 1),
    (81, 'AF-VEH-0010', 'Honda City i-VTEC (10)', 10, 'VEH-SR-1081', 'QR-VEH-1081', '2024-02-10', 1300000, 'DAMAGED', 'Shared Facilities Pool', 10, 'UNDER_MAINTENANCE', 1),
    (82, 'AF-VEH-0011', 'Ather 450X Electric Scooter (11)', 10, 'VEH-SR-1082', 'QR-VEH-1082', '2024-03-10', 160000, 'DAMAGED', 'Shared Facilities Pool', 11, 'UNDER_MAINTENANCE', 1),
    (83, 'AF-VEH-0012', 'Mahindra Delivery Van (12)', 10, 'VEH-SR-1083', 'QR-VEH-1083', '2024-04-10', 850000, 'DAMAGED', 'Shared Facilities Pool', 12, 'UNDER_MAINTENANCE', 1),
    (84, 'AF-FUR-0006', 'Ergonomic Office Chair (6)', 11, 'FUR-SR-1084', 'QR-FUR-1084', '2024-05-10', 12000, 'DAMAGED', 'Floor 1, Wing A', 1, 'UNDER_MAINTENANCE', 0),
    (85, 'AF-FUR-0007', 'Electric Standing Desk (7)', 11, 'FUR-SR-1085', 'QR-FUR-1085', '2024-06-10', 24000, 'DAMAGED', 'Floor 2, Wing B', 2, 'UNDER_MAINTENANCE', 0),
    (86, 'AF-FUR-0008', 'Executive L-Shape Desk (8)', 11, 'FUR-SR-1086', 'QR-FUR-1086', '2024-07-10', 45000, 'GOOD', 'Floor 3, Wing A', 3, 'RESERVED', 0),
    (87, 'AF-FUR-0009', 'Modular Meeting Table (9)', 11, 'FUR-SR-1087', 'QR-FUR-1087', '2024-08-10', 65000, 'GOOD', 'Floor 1, Wing B', 4, 'RESERVED', 0),
    (88, 'AF-FUR-0010', 'Metal Storage Cabinet (10)', 11, 'FUR-SR-1088', 'QR-FUR-1088', '2024-01-10', 15000, 'GOOD', 'Floor 2, Wing A', 5, 'RESERVED', 0),
    (89, 'AF-MOB-0005', 'iPhone 15 Pro Max (5)', 12, 'MOB-SR-1089', 'QR-MOB-1089', '2024-02-10', 140000, 'GOOD', 'Floor 3, Wing B', 6, 'RESERVED', 0),
    (90, 'AF-MOB-0006', 'Samsung Galaxy S24 Ultra (6)', 12, 'MOB-SR-1090', 'QR-MOB-1090', '2024-03-10', 125000, 'FAIR', 'Floor 1, Wing A', 7, 'RESERVED', 0),
    (91, 'AF-MOB-0007', 'iPad Air 10.9" (7)', 12, 'MOB-SR-1091', 'QR-MOB-1091', '2024-04-10', 58000, 'GOOD', 'Floor 2, Wing B', 8, 'LOST', 0),
    (92, 'AF-MOB-0008', 'Microsoft Surface Go 4 (8)', 12, 'MOB-SR-1092', 'QR-MOB-1092', '2024-05-10', 42000, 'GOOD', 'Floor 3, Wing A', 9, 'LOST', 0),
    (93, 'AF-LAP-0011', 'Dell Latitude 7440 (11)', 1, 'LAP-SR-1093', 'QR-LAP-1093', '2024-06-10', 85000, 'GOOD', 'Floor 1, Wing B', 10, 'LOST', 0),
    (94, 'AF-LAP-0012', 'HP EliteBook 840 (12)', 1, 'LAP-SR-1094', 'QR-LAP-1094', '2024-07-10', 92000, 'GOOD', 'Floor 2, Wing A', 11, 'LOST', 0),
    (95, 'AF-LAP-0013', 'Lenovo ThinkPad T14 (13)', 1, 'LAP-SR-1095', 'QR-LAP-1095', '2024-08-10', 78000, 'FAIR', 'Floor 3, Wing B', 12, 'LOST', 0),
    (96, 'AF-LAP-0014', 'MacBook Pro M3 (14)', 1, 'LAP-SR-1096', 'QR-LAP-1096', '2024-01-10', 165000, 'GOOD', 'Floor 1, Wing A', 1, 'RETIRED', 0),
    (97, 'AF-LAP-0015', 'MacBook Air M2 (15)', 1, 'LAP-SR-1097', 'QR-LAP-1097', '2024-02-10', 115000, 'GOOD', 'Floor 2, Wing B', 2, 'RETIRED', 0),
    (98, 'AF-DSK-0007', 'Dell OptiPlex 7010 (7)', 2, 'DSK-SR-1098', 'QR-DSK-1098', '2024-03-10', 55000, 'GOOD', 'Floor 3, Wing A', 3, 'RETIRED', 0),
    (99, 'AF-DSK-0008', 'HP ProTower 290 (8)', 2, 'DSK-SR-1099', 'QR-DSK-1099', '2024-04-10', 48000, 'GOOD', 'Floor 1, Wing B', 4, 'RETIRED', 0),
    (100, 'AF-DSK-0009', 'iMac 24" M3 (9)', 2, 'DSK-SR-1100', 'QR-DSK-1100', '2024-05-10', 135000, 'FAIR', 'Floor 2, Wing A', 5, 'RETIRED', 0);

-- 5. Allocations
INSERT INTO allocations (id, asset_id, allocated_to_user_id, allocated_to_department_id, allocated_by, allocation_date, expected_return_date, actual_return_date, status, return_condition_notes) VALUES
    (1, 1, 16, NULL, 2, '2026-06-10', '2026-09-10', NULL, 'ACTIVE', NULL),
    (2, 2, 17, NULL, 2, '2026-06-10', '2026-09-10', NULL, 'ACTIVE', NULL),
    (3, 3, 18, NULL, 2, '2026-06-10', '2026-09-10', NULL, 'ACTIVE', NULL),
    (4, 4, 19, NULL, 2, '2026-06-10', '2026-09-10', NULL, 'ACTIVE', NULL),
    (5, 5, 20, NULL, 2, '2026-06-10', '2026-09-10', NULL, 'ACTIVE', NULL),
    (6, 6, 21, NULL, 2, '2026-06-10', '2026-09-10', NULL, 'ACTIVE', NULL),
    (7, 7, 22, NULL, 2, '2026-06-10', '2026-09-10', NULL, 'ACTIVE', NULL),
    (8, 8, 23, NULL, 2, '2026-06-10', '2026-09-10', NULL, 'ACTIVE', NULL),
    (9, 9, 24, NULL, 2, '2026-06-10', '2026-09-10', NULL, 'ACTIVE', NULL),
    (10, 10, 25, NULL, 2, '2026-06-10', '2026-09-10', NULL, 'ACTIVE', NULL),
    (11, 11, 26, NULL, 2, '2026-06-10', '2026-09-10', NULL, 'ACTIVE', NULL),
    (12, 12, 27, NULL, 2, '2026-06-10', '2026-09-10', NULL, 'ACTIVE', NULL),
    (13, 13, 28, NULL, 2, '2026-06-10', '2026-09-10', NULL, 'ACTIVE', NULL),
    (14, 14, 29, NULL, 2, '2026-06-10', '2026-09-10', NULL, 'ACTIVE', NULL),
    (15, 15, 30, NULL, 2, '2026-06-10', '2026-09-10', NULL, 'ACTIVE', NULL),
    (16, 16, 31, NULL, 2, '2026-06-10', '2026-09-10', NULL, 'ACTIVE', NULL),
    (17, 17, 32, NULL, 2, '2026-06-10', '2026-09-10', NULL, 'ACTIVE', NULL),
    (18, 18, 33, NULL, 2, '2026-06-10', '2026-09-10', NULL, 'ACTIVE', NULL),
    (19, 19, 34, NULL, 2, '2026-06-10', '2026-09-10', NULL, 'ACTIVE', NULL),
    (20, 20, 35, NULL, 2, '2026-06-10', '2026-09-10', NULL, 'ACTIVE', NULL),
    (21, 21, 36, NULL, 2, '2026-06-10', '2026-09-10', NULL, 'ACTIVE', NULL),
    (22, 22, 37, NULL, 2, '2026-06-10', '2026-09-10', NULL, 'ACTIVE', NULL),
    (23, 23, 38, NULL, 2, '2026-06-10', '2026-09-10', NULL, 'ACTIVE', NULL),
    (24, 24, 39, NULL, 2, '2026-06-10', '2026-09-10', NULL, 'ACTIVE', NULL),
    (25, 25, 40, NULL, 2, '2026-06-10', '2026-09-10', NULL, 'ACTIVE', NULL),
    (26, 26, 15, NULL, 2, '2026-06-10', '2026-09-10', NULL, 'ACTIVE', NULL),
    (27, 27, 16, NULL, 2, '2026-06-10', '2026-09-10', NULL, 'ACTIVE', NULL),
    (28, 28, 17, NULL, 2, '2026-06-10', '2026-09-10', NULL, 'ACTIVE', NULL),
    (29, 29, 18, NULL, 2, '2026-06-10', '2026-09-10', NULL, 'ACTIVE', NULL),
    (30, 30, 19, NULL, 2, '2026-06-10', '2026-09-10', NULL, 'ACTIVE', NULL),
    (31, 31, 20, NULL, 2, '2026-06-10', '2026-09-10', NULL, 'ACTIVE', NULL),
    (32, 32, 21, NULL, 2, '2026-06-10', '2026-09-10', NULL, 'ACTIVE', NULL),
    (33, 33, 22, NULL, 2, '2026-06-10', '2026-09-10', NULL, 'ACTIVE', NULL),
    (34, 34, 23, NULL, 2, '2026-06-10', '2026-09-10', NULL, 'ACTIVE', NULL),
    (35, 35, 24, NULL, 2, '2026-06-10', '2026-09-10', NULL, 'ACTIVE', NULL),
    (36, 36, 25, NULL, 2, '2026-06-10', '2026-09-10', NULL, 'ACTIVE', NULL),
    (37, 37, 26, NULL, 2, '2026-06-10', '2026-09-10', NULL, 'ACTIVE', NULL),
    (38, 38, 27, NULL, 2, '2026-06-10', '2026-09-10', NULL, 'ACTIVE', NULL),
    (39, 39, 28, NULL, 2, '2026-06-10', '2026-09-10', NULL, 'ACTIVE', NULL),
    (40, 40, 29, NULL, 2, '2026-06-10', '2026-09-10', NULL, 'ACTIVE', NULL),
    (41, 42, 30, NULL, 3, '2026-04-10', '2026-05-10', '2026-05-09', 'RETURNED', 'Returned on time, verified in good condition'),
    (42, 43, 31, NULL, 3, '2026-04-10', '2026-05-10', '2026-05-09', 'RETURNED', 'Returned on time, verified in good condition'),
    (43, 44, 32, NULL, 3, '2026-04-10', '2026-05-10', '2026-05-09', 'RETURNED', 'Returned on time, verified in good condition'),
    (44, 45, 33, NULL, 3, '2026-04-10', '2026-05-10', '2026-05-09', 'RETURNED', 'Returned on time, verified in good condition'),
    (45, 46, 34, NULL, 3, '2026-04-10', '2026-05-10', '2026-05-09', 'RETURNED', 'Returned on time, verified in good condition'),
    (46, 47, 35, NULL, 3, '2026-04-10', '2026-05-10', '2026-05-09', 'RETURNED', 'Returned on time, verified in good condition'),
    (47, 48, 36, NULL, 3, '2026-04-10', '2026-05-10', '2026-05-09', 'RETURNED', 'Returned on time, verified in good condition'),
    (48, 49, 37, NULL, 3, '2026-04-10', '2026-05-10', '2026-05-09', 'RETURNED', 'Returned on time, verified in good condition'),
    (49, 50, 38, NULL, 3, '2026-04-10', '2026-05-10', '2026-05-09', 'RETURNED', 'Returned on time, verified in good condition'),
    (50, 51, 39, NULL, 3, '2026-04-10', '2026-05-10', '2026-05-09', 'RETURNED', 'Returned on time, verified in good condition');

-- 6. Bookings
INSERT INTO bookings (id, asset_id, booked_by, department_id, start_time, end_time, status, purpose) VALUES
    (1, 24, 16, 2, '2026-07-02 09:00:00', '2026-07-02 12:00:00', 'UPCOMING', 'Operational requirement task #1001'),
    (2, 25, 17, 3, '2026-07-03 09:00:00', '2026-07-03 12:00:00', 'UPCOMING', 'Operational requirement task #1002'),
    (3, 26, 18, 5, '2026-07-04 09:00:00', '2026-07-04 12:00:00', 'UPCOMING', 'Operational requirement task #1003'),
    (4, 27, 19, 5, '2026-07-05 09:00:00', '2026-07-05 12:00:00', 'UPCOMING', 'Operational requirement task #1004'),
    (5, 28, 20, 6, '2026-07-06 09:00:00', '2026-07-06 12:00:00', 'UPCOMING', 'Operational requirement task #1005'),
    (6, 29, 21, 7, '2026-07-07 09:00:00', '2026-07-07 12:00:00', 'UPCOMING', 'Operational requirement task #1006'),
    (7, 30, 22, 8, '2026-07-08 09:00:00', '2026-07-08 12:00:00', 'UPCOMING', 'Operational requirement task #1007'),
    (8, 31, 23, 9, '2026-07-09 09:00:00', '2026-07-09 12:00:00', 'UPCOMING', 'Operational requirement task #1008'),
    (9, 32, 24, 5, '2026-07-10 09:00:00', '2026-07-10 12:00:00', 'UPCOMING', 'Operational requirement task #1009'),
    (10, 33, 25, 4, '2026-07-11 09:00:00', '2026-07-11 12:00:00', 'COMPLETED', 'Operational requirement task #1010'),
    (11, 34, 26, 10, '2026-07-12 09:00:00', '2026-07-12 12:00:00', 'COMPLETED', 'Operational requirement task #1011'),
    (12, 35, 27, 11, '2026-07-13 09:00:00', '2026-07-13 12:00:00', 'COMPLETED', 'Operational requirement task #1012'),
    (13, 36, 28, 12, '2026-07-14 09:00:00', '2026-07-14 12:00:00', 'COMPLETED', 'Operational requirement task #1013'),
    (14, 37, 29, 12, '2026-07-15 09:00:00', '2026-07-15 12:00:00', 'COMPLETED', 'Operational requirement task #1014'),
    (15, 69, 30, 5, '2026-07-16 09:00:00', '2026-07-16 12:00:00', 'COMPLETED', 'Operational requirement task #1015'),
    (16, 70, 31, 2, '2026-07-17 09:00:00', '2026-07-17 12:00:00', 'COMPLETED', 'Operational requirement task #1016'),
    (17, 71, 32, 3, '2026-07-18 09:00:00', '2026-07-18 12:00:00', 'COMPLETED', 'Operational requirement task #1017'),
    (18, 72, 33, 8, '2026-07-19 09:00:00', '2026-07-19 12:00:00', 'COMPLETED', 'Operational requirement task #1018'),
    (19, 73, 34, 9, '2026-07-20 09:00:00', '2026-07-20 12:00:00', 'COMPLETED', 'Operational requirement task #1019'),
    (20, 74, 35, 6, '2026-07-21 09:00:00', '2026-07-21 12:00:00', 'ONGOING', 'Operational requirement task #1020'),
    (21, 75, 36, 7, '2026-07-22 09:00:00', '2026-07-22 12:00:00', 'ONGOING', 'Operational requirement task #1021'),
    (22, 76, 37, 10, '2026-07-23 09:00:00', '2026-07-23 12:00:00', 'ONGOING', 'Operational requirement task #1022'),
    (23, 77, 38, 5, '2026-07-24 09:00:00', '2026-07-24 12:00:00', 'ONGOING', 'Operational requirement task #1023'),
    (24, 78, 39, 4, '2026-07-25 09:00:00', '2026-07-25 12:00:00', 'ONGOING', 'Operational requirement task #1024'),
    (25, 79, 40, 5, '2026-07-26 09:00:00', '2026-07-26 12:00:00', 'ONGOING', 'Operational requirement task #1025'),
    (26, 80, 15, 4, '2026-07-27 09:00:00', '2026-07-27 12:00:00', 'ONGOING', 'Operational requirement task #1026'),
    (27, 81, 16, 2, '2026-07-28 09:00:00', '2026-07-28 12:00:00', 'ONGOING', 'Operational requirement task #1027'),
    (28, 82, 17, 3, '2026-07-01 09:00:00', '2026-07-01 12:00:00', 'ONGOING', 'Operational requirement task #1028'),
    (29, 83, 18, 5, '2026-07-02 09:00:00', '2026-07-02 12:00:00', 'ONGOING', 'Operational requirement task #1029'),
    (30, 23, 19, 5, '2026-07-03 09:00:00', '2026-07-03 12:00:00', 'CANCELLED', 'Operational requirement task #1030'),
    (31, 24, 20, 6, '2026-07-04 09:00:00', '2026-07-04 12:00:00', 'CANCELLED', 'Operational requirement task #1031'),
    (32, 25, 21, 7, '2026-07-05 09:00:00', '2026-07-05 12:00:00', 'CANCELLED', 'Operational requirement task #1032'),
    (33, 26, 22, 8, '2026-07-06 09:00:00', '2026-07-06 12:00:00', 'CANCELLED', 'Operational requirement task #1033'),
    (34, 27, 23, 9, '2026-07-07 09:00:00', '2026-07-07 12:00:00', 'CANCELLED', 'Operational requirement task #1034'),
    (35, 28, 24, 5, '2026-07-08 09:00:00', '2026-07-08 12:00:00', 'CANCELLED', 'Operational requirement task #1035');

-- 7. Maintenance Tickets
INSERT INTO maintenance_requests (id, asset_id, raised_by, issue_description, priority, status, approved_by) VALUES
    (1, 5, 16, 'Performance calibration and diagnostics request #201', 'LOW', 'PENDING', NULL),
    (2, 9, 17, 'Performance calibration and diagnostics request #202', 'MEDIUM', 'PENDING', NULL),
    (3, 13, 18, 'Performance calibration and diagnostics request #203', 'HIGH', 'PENDING', NULL),
    (4, 17, 19, 'Performance calibration and diagnostics request #204', 'MEDIUM', 'PENDING', NULL),
    (5, 21, 20, 'Performance calibration and diagnostics request #205', 'LOW', 'APPROVED', 2),
    (6, 25, 21, 'Performance calibration and diagnostics request #206', 'HIGH', 'APPROVED', 2),
    (7, 29, 22, 'Performance calibration and diagnostics request #207', 'LOW', 'APPROVED', 2),
    (8, 33, 23, 'Performance calibration and diagnostics request #208', 'MEDIUM', 'APPROVED', 2),
    (9, 37, 24, 'Performance calibration and diagnostics request #209', 'HIGH', 'APPROVED', 2),
    (10, 41, 25, 'Performance calibration and diagnostics request #210', 'MEDIUM', 'TECHNICIAN_ASSIGNED', 2),
    (11, 45, 26, 'Performance calibration and diagnostics request #211', 'LOW', 'TECHNICIAN_ASSIGNED', 2),
    (12, 49, 27, 'Performance calibration and diagnostics request #212', 'HIGH', 'TECHNICIAN_ASSIGNED', 2),
    (13, 53, 28, 'Performance calibration and diagnostics request #213', 'LOW', 'IN_PROGRESS', 2),
    (14, 57, 29, 'Performance calibration and diagnostics request #214', 'MEDIUM', 'IN_PROGRESS', 2),
    (15, 61, 30, 'Performance calibration and diagnostics request #215', 'HIGH', 'IN_PROGRESS', 2),
    (16, 65, 31, 'Performance calibration and diagnostics request #216', 'MEDIUM', 'IN_PROGRESS', 2),
    (17, 69, 32, 'Performance calibration and diagnostics request #217', 'LOW', 'RESOLVED', 2),
    (18, 73, 33, 'Performance calibration and diagnostics request #218', 'HIGH', 'RESOLVED', 2),
    (19, 77, 34, 'Performance calibration and diagnostics request #219', 'LOW', 'RESOLVED', 2),
    (20, 81, 35, 'Performance calibration and diagnostics request #220', 'MEDIUM', 'RESOLVED', 2);

-- 8. Audit Cycles
INSERT INTO audit_cycles (id, name, scope_department_id, start_date, end_date, status, created_by, closed_at) VALUES
    (1, 'Q1 Asset Verification Cycle', 4, '2026-01-10', '2026-01-20', 'CLOSED', 1, '2026-01-20 17:00:00'),
    (2, 'Q2 Compliance Asset Audit', 5, '2026-04-10', '2026-04-20', 'CLOSED', 1, '2026-04-20 17:00:00'),
    (3, 'Annual Enterprise Asset Audit', 2, '2026-07-10', '2026-07-30', 'IN_PROGRESS', 1, NULL);

-- Audit Cycle Auditors
INSERT INTO audit_cycle_auditors (id, audit_cycle_id, auditor_user_id) VALUES
    (1, 1, 2),
    (2, 1, 3),
    (3, 2, 2),
    (4, 3, 3);

-- Audit Findings
INSERT INTO audit_findings (id, audit_cycle_id, asset_id, auditor_user_id, result, notes, checked_at) VALUES
    (1, 2, 4, 2, 'VERIFIED', 'Checked during cycle count verification notes #1', '2026-07-11 11:30:00'),
    (2, 3, 7, 2, 'VERIFIED', 'Checked during cycle count verification notes #2', '2026-07-11 11:30:00'),
    (3, 1, 10, 2, 'VERIFIED', 'Checked during cycle count verification notes #3', '2026-07-11 11:30:00'),
    (4, 2, 13, 2, 'VERIFIED', 'Checked during cycle count verification notes #4', '2026-07-11 11:30:00'),
    (5, 3, 16, 2, 'VERIFIED', 'Checked during cycle count verification notes #5', '2026-07-11 11:30:00'),
    (6, 1, 19, 2, 'VERIFIED', 'Checked during cycle count verification notes #6', '2026-07-11 11:30:00'),
    (7, 2, 22, 2, 'VERIFIED', 'Checked during cycle count verification notes #7', '2026-07-11 11:30:00'),
    (8, 3, 25, 2, 'DAMAGED', 'Checked during cycle count verification notes #8', '2026-07-11 11:30:00'),
    (9, 1, 28, 2, 'VERIFIED', 'Checked during cycle count verification notes #9', '2026-07-11 11:30:00'),
    (10, 2, 31, 2, 'VERIFIED', 'Checked during cycle count verification notes #10', '2026-07-11 11:30:00'),
    (11, 3, 34, 2, 'VERIFIED', 'Checked during cycle count verification notes #11', '2026-07-11 11:30:00'),
    (12, 1, 37, 2, 'MISSING', 'Checked during cycle count verification notes #12', '2026-07-11 11:30:00'),
    (13, 2, 40, 2, 'VERIFIED', 'Checked during cycle count verification notes #13', '2026-07-11 11:30:00'),
    (14, 3, 43, 2, 'VERIFIED', 'Checked during cycle count verification notes #14', '2026-07-11 11:30:00'),
    (15, 1, 46, 2, 'VERIFIED', 'Checked during cycle count verification notes #15', '2026-07-11 11:30:00'),
    (16, 2, 49, 2, 'DAMAGED', 'Checked during cycle count verification notes #16', '2026-07-11 11:30:00'),
    (17, 3, 52, 2, 'VERIFIED', 'Checked during cycle count verification notes #17', '2026-07-11 11:30:00'),
    (18, 1, 55, 2, 'VERIFIED', 'Checked during cycle count verification notes #18', '2026-07-11 11:30:00'),
    (19, 2, 58, 2, 'VERIFIED', 'Checked during cycle count verification notes #19', '2026-07-11 11:30:00'),
    (20, 3, 61, 2, 'VERIFIED', 'Checked during cycle count verification notes #20', '2026-07-11 11:30:00'),
    (21, 1, 64, 2, 'VERIFIED', 'Checked during cycle count verification notes #21', '2026-07-11 11:30:00'),
    (22, 2, 67, 2, 'VERIFIED', 'Checked during cycle count verification notes #22', '2026-07-11 11:30:00'),
    (23, 3, 70, 2, 'VERIFIED', 'Checked during cycle count verification notes #23', '2026-07-11 11:30:00'),
    (24, 1, 73, 2, 'DAMAGED', 'Checked during cycle count verification notes #24', '2026-07-11 11:30:00'),
    (25, 2, 76, 2, 'VERIFIED', 'Checked during cycle count verification notes #25', '2026-07-11 11:30:00'),
    (26, 3, 79, 2, 'VERIFIED', 'Checked during cycle count verification notes #26', '2026-07-11 11:30:00'),
    (27, 1, 82, 2, 'VERIFIED', 'Checked during cycle count verification notes #27', '2026-07-11 11:30:00'),
    (28, 2, 85, 2, 'VERIFIED', 'Checked during cycle count verification notes #28', '2026-07-11 11:30:00'),
    (29, 3, 88, 2, 'VERIFIED', 'Checked during cycle count verification notes #29', '2026-07-11 11:30:00'),
    (30, 1, 91, 2, 'VERIFIED', 'Checked during cycle count verification notes #30', '2026-07-11 11:30:00');

-- 9. Notifications
INSERT INTO notifications (id, user_id, type, message, related_entity_type, related_entity_id, is_read) VALUES
    (1, 2, 'TRANSFER_REQUESTED', 'System notification update regarding asset operation task ID #5001', 'asset', 2, 1),
    (2, 3, 'MAINTENANCE_APPROVED', 'System notification update regarding asset operation task ID #5002', 'asset', 3, 1),
    (3, 4, 'BOOKING_CONFIRMED', 'System notification update regarding asset operation task ID #5003', 'asset', 4, 0),
    (4, 5, 'OVERDUE_RETURN_ALERT', 'System notification update regarding asset operation task ID #5004', 'asset', 5, 1),
    (5, 6, 'ASSET_ASSIGNED', 'System notification update regarding asset operation task ID #5005', 'asset', 6, 1),
    (6, 7, 'TRANSFER_REQUESTED', 'System notification update regarding asset operation task ID #5006', 'asset', 7, 0),
    (7, 8, 'MAINTENANCE_APPROVED', 'System notification update regarding asset operation task ID #5007', 'asset', 8, 1),
    (8, 9, 'BOOKING_CONFIRMED', 'System notification update regarding asset operation task ID #5008', 'asset', 9, 1),
    (9, 10, 'OVERDUE_RETURN_ALERT', 'System notification update regarding asset operation task ID #5009', 'asset', 10, 0),
    (10, 11, 'ASSET_ASSIGNED', 'System notification update regarding asset operation task ID #5010', 'asset', 11, 1),
    (11, 12, 'TRANSFER_REQUESTED', 'System notification update regarding asset operation task ID #5011', 'asset', 12, 1),
    (12, 13, 'MAINTENANCE_APPROVED', 'System notification update regarding asset operation task ID #5012', 'asset', 13, 0),
    (13, 14, 'BOOKING_CONFIRMED', 'System notification update regarding asset operation task ID #5013', 'asset', 14, 1),
    (14, 15, 'OVERDUE_RETURN_ALERT', 'System notification update regarding asset operation task ID #5014', 'asset', 15, 1),
    (15, 16, 'ASSET_ASSIGNED', 'System notification update regarding asset operation task ID #5015', 'asset', 16, 0),
    (16, 17, 'TRANSFER_REQUESTED', 'System notification update regarding asset operation task ID #5016', 'asset', 17, 1),
    (17, 18, 'MAINTENANCE_APPROVED', 'System notification update regarding asset operation task ID #5017', 'asset', 18, 1),
    (18, 19, 'BOOKING_CONFIRMED', 'System notification update regarding asset operation task ID #5018', 'asset', 19, 0),
    (19, 20, 'OVERDUE_RETURN_ALERT', 'System notification update regarding asset operation task ID #5019', 'asset', 20, 1),
    (20, 21, 'ASSET_ASSIGNED', 'System notification update regarding asset operation task ID #5020', 'asset', 21, 1),
    (21, 22, 'TRANSFER_REQUESTED', 'System notification update regarding asset operation task ID #5021', 'asset', 22, 0),
    (22, 23, 'MAINTENANCE_APPROVED', 'System notification update regarding asset operation task ID #5022', 'asset', 23, 1),
    (23, 24, 'BOOKING_CONFIRMED', 'System notification update regarding asset operation task ID #5023', 'asset', 24, 1),
    (24, 25, 'OVERDUE_RETURN_ALERT', 'System notification update regarding asset operation task ID #5024', 'asset', 25, 0),
    (25, 26, 'ASSET_ASSIGNED', 'System notification update regarding asset operation task ID #5025', 'asset', 26, 1),
    (26, 27, 'TRANSFER_REQUESTED', 'System notification update regarding asset operation task ID #5026', 'asset', 27, 1),
    (27, 28, 'MAINTENANCE_APPROVED', 'System notification update regarding asset operation task ID #5027', 'asset', 28, 0),
    (28, 29, 'BOOKING_CONFIRMED', 'System notification update regarding asset operation task ID #5028', 'asset', 29, 1),
    (29, 30, 'OVERDUE_RETURN_ALERT', 'System notification update regarding asset operation task ID #5029', 'asset', 30, 1),
    (30, 31, 'ASSET_ASSIGNED', 'System notification update regarding asset operation task ID #5030', 'asset', 31, 0),
    (31, 32, 'TRANSFER_REQUESTED', 'System notification update regarding asset operation task ID #5031', 'asset', 32, 1),
    (32, 33, 'MAINTENANCE_APPROVED', 'System notification update regarding asset operation task ID #5032', 'asset', 33, 1),
    (33, 34, 'BOOKING_CONFIRMED', 'System notification update regarding asset operation task ID #5033', 'asset', 34, 0),
    (34, 35, 'OVERDUE_RETURN_ALERT', 'System notification update regarding asset operation task ID #5034', 'asset', 35, 1),
    (35, 36, 'ASSET_ASSIGNED', 'System notification update regarding asset operation task ID #5035', 'asset', 36, 1),
    (36, 37, 'TRANSFER_REQUESTED', 'System notification update regarding asset operation task ID #5036', 'asset', 37, 0),
    (37, 38, 'MAINTENANCE_APPROVED', 'System notification update regarding asset operation task ID #5037', 'asset', 38, 1),
    (38, 39, 'BOOKING_CONFIRMED', 'System notification update regarding asset operation task ID #5038', 'asset', 39, 1),
    (39, 40, 'OVERDUE_RETURN_ALERT', 'System notification update regarding asset operation task ID #5039', 'asset', 40, 0),
    (40, 1, 'ASSET_ASSIGNED', 'System notification update regarding asset operation task ID #5040', 'asset', 41, 1),
    (41, 2, 'TRANSFER_REQUESTED', 'System notification update regarding asset operation task ID #5041', 'asset', 42, 1),
    (42, 3, 'MAINTENANCE_APPROVED', 'System notification update regarding asset operation task ID #5042', 'asset', 43, 0),
    (43, 4, 'BOOKING_CONFIRMED', 'System notification update regarding asset operation task ID #5043', 'asset', 44, 1),
    (44, 5, 'OVERDUE_RETURN_ALERT', 'System notification update regarding asset operation task ID #5044', 'asset', 45, 1),
    (45, 6, 'ASSET_ASSIGNED', 'System notification update regarding asset operation task ID #5045', 'asset', 46, 0);

-- 10. Activity Logs
INSERT INTO activity_logs (id, user_id, action, entity_type, entity_id, details) VALUES
    (1, 2, 'LOGOUT', 'asset', 2, '{"detail":"Automated bulk logging entry reference #7001"}'),
    (2, 3, 'ASSET_REGISTERED', 'asset', 3, '{"detail":"Automated bulk logging entry reference #7002"}'),
    (3, 4, 'ASSET_ALLOCATED', 'asset', 4, '{"detail":"Automated bulk logging entry reference #7003"}'),
    (4, 5, 'MAINTENANCE_APPROVED', 'asset', 5, '{"detail":"Automated bulk logging entry reference #7004"}'),
    (5, 6, 'BOOKING_CREATED', 'asset', 6, '{"detail":"Automated bulk logging entry reference #7005"}'),
    (6, 7, 'AUDIT_CYCLE_CLOSED', 'asset', 7, '{"detail":"Automated bulk logging entry reference #7006"}'),
    (7, 8, 'LOGIN', 'asset', 8, '{"detail":"Automated bulk logging entry reference #7007"}'),
    (8, 9, 'LOGOUT', 'asset', 9, '{"detail":"Automated bulk logging entry reference #7008"}'),
    (9, 10, 'ASSET_REGISTERED', 'asset', 10, '{"detail":"Automated bulk logging entry reference #7009"}'),
    (10, 11, 'ASSET_ALLOCATED', 'asset', 11, '{"detail":"Automated bulk logging entry reference #7010"}'),
    (11, 12, 'MAINTENANCE_APPROVED', 'asset', 12, '{"detail":"Automated bulk logging entry reference #7011"}'),
    (12, 13, 'BOOKING_CREATED', 'asset', 13, '{"detail":"Automated bulk logging entry reference #7012"}'),
    (13, 14, 'AUDIT_CYCLE_CLOSED', 'asset', 14, '{"detail":"Automated bulk logging entry reference #7013"}'),
    (14, 15, 'LOGIN', 'asset', 15, '{"detail":"Automated bulk logging entry reference #7014"}'),
    (15, 16, 'LOGOUT', 'asset', 16, '{"detail":"Automated bulk logging entry reference #7015"}'),
    (16, 17, 'ASSET_REGISTERED', 'asset', 17, '{"detail":"Automated bulk logging entry reference #7016"}'),
    (17, 18, 'ASSET_ALLOCATED', 'asset', 18, '{"detail":"Automated bulk logging entry reference #7017"}'),
    (18, 19, 'MAINTENANCE_APPROVED', 'asset', 19, '{"detail":"Automated bulk logging entry reference #7018"}'),
    (19, 20, 'BOOKING_CREATED', 'asset', 20, '{"detail":"Automated bulk logging entry reference #7019"}'),
    (20, 21, 'AUDIT_CYCLE_CLOSED', 'asset', 21, '{"detail":"Automated bulk logging entry reference #7020"}'),
    (21, 22, 'LOGIN', 'asset', 22, '{"detail":"Automated bulk logging entry reference #7021"}'),
    (22, 23, 'LOGOUT', 'asset', 23, '{"detail":"Automated bulk logging entry reference #7022"}'),
    (23, 24, 'ASSET_REGISTERED', 'asset', 24, '{"detail":"Automated bulk logging entry reference #7023"}'),
    (24, 25, 'ASSET_ALLOCATED', 'asset', 25, '{"detail":"Automated bulk logging entry reference #7024"}'),
    (25, 26, 'MAINTENANCE_APPROVED', 'asset', 26, '{"detail":"Automated bulk logging entry reference #7025"}'),
    (26, 27, 'BOOKING_CREATED', 'asset', 27, '{"detail":"Automated bulk logging entry reference #7026"}'),
    (27, 28, 'AUDIT_CYCLE_CLOSED', 'asset', 28, '{"detail":"Automated bulk logging entry reference #7027"}'),
    (28, 29, 'LOGIN', 'asset', 29, '{"detail":"Automated bulk logging entry reference #7028"}'),
    (29, 30, 'LOGOUT', 'asset', 30, '{"detail":"Automated bulk logging entry reference #7029"}'),
    (30, 31, 'ASSET_REGISTERED', 'asset', 31, '{"detail":"Automated bulk logging entry reference #7030"}'),
    (31, 32, 'ASSET_ALLOCATED', 'asset', 32, '{"detail":"Automated bulk logging entry reference #7031"}'),
    (32, 33, 'MAINTENANCE_APPROVED', 'asset', 33, '{"detail":"Automated bulk logging entry reference #7032"}'),
    (33, 34, 'BOOKING_CREATED', 'asset', 34, '{"detail":"Automated bulk logging entry reference #7033"}'),
    (34, 35, 'AUDIT_CYCLE_CLOSED', 'asset', 35, '{"detail":"Automated bulk logging entry reference #7034"}'),
    (35, 36, 'LOGIN', 'asset', 36, '{"detail":"Automated bulk logging entry reference #7035"}'),
    (36, 37, 'LOGOUT', 'asset', 37, '{"detail":"Automated bulk logging entry reference #7036"}'),
    (37, 38, 'ASSET_REGISTERED', 'asset', 38, '{"detail":"Automated bulk logging entry reference #7037"}'),
    (38, 39, 'ASSET_ALLOCATED', 'asset', 39, '{"detail":"Automated bulk logging entry reference #7038"}'),
    (39, 40, 'MAINTENANCE_APPROVED', 'asset', 40, '{"detail":"Automated bulk logging entry reference #7039"}'),
    (40, 1, 'BOOKING_CREATED', 'asset', 41, '{"detail":"Automated bulk logging entry reference #7040"}'),
    (41, 2, 'AUDIT_CYCLE_CLOSED', 'asset', 42, '{"detail":"Automated bulk logging entry reference #7041"}'),
    (42, 3, 'LOGIN', 'asset', 43, '{"detail":"Automated bulk logging entry reference #7042"}'),
    (43, 4, 'LOGOUT', 'asset', 44, '{"detail":"Automated bulk logging entry reference #7043"}'),
    (44, 5, 'ASSET_REGISTERED', 'asset', 45, '{"detail":"Automated bulk logging entry reference #7044"}'),
    (45, 6, 'ASSET_ALLOCATED', 'asset', 46, '{"detail":"Automated bulk logging entry reference #7045"}'),
    (46, 7, 'MAINTENANCE_APPROVED', 'asset', 47, '{"detail":"Automated bulk logging entry reference #7046"}'),
    (47, 8, 'BOOKING_CREATED', 'asset', 48, '{"detail":"Automated bulk logging entry reference #7047"}'),
    (48, 9, 'AUDIT_CYCLE_CLOSED', 'asset', 49, '{"detail":"Automated bulk logging entry reference #7048"}'),
    (49, 10, 'LOGIN', 'asset', 50, '{"detail":"Automated bulk logging entry reference #7049"}'),
    (50, 11, 'LOGOUT', 'asset', 51, '{"detail":"Automated bulk logging entry reference #7050"}'),
    (51, 12, 'ASSET_REGISTERED', 'asset', 52, '{"detail":"Automated bulk logging entry reference #7051"}'),
    (52, 13, 'ASSET_ALLOCATED', 'asset', 53, '{"detail":"Automated bulk logging entry reference #7052"}'),
    (53, 14, 'MAINTENANCE_APPROVED', 'asset', 54, '{"detail":"Automated bulk logging entry reference #7053"}'),
    (54, 15, 'BOOKING_CREATED', 'asset', 55, '{"detail":"Automated bulk logging entry reference #7054"}'),
    (55, 16, 'AUDIT_CYCLE_CLOSED', 'asset', 56, '{"detail":"Automated bulk logging entry reference #7055"}'),
    (56, 17, 'LOGIN', 'asset', 57, '{"detail":"Automated bulk logging entry reference #7056"}'),
    (57, 18, 'LOGOUT', 'asset', 58, '{"detail":"Automated bulk logging entry reference #7057"}'),
    (58, 19, 'ASSET_REGISTERED', 'asset', 59, '{"detail":"Automated bulk logging entry reference #7058"}'),
    (59, 20, 'ASSET_ALLOCATED', 'asset', 60, '{"detail":"Automated bulk logging entry reference #7059"}'),
    (60, 21, 'MAINTENANCE_APPROVED', 'asset', 61, '{"detail":"Automated bulk logging entry reference #7060"}'),
    (61, 22, 'BOOKING_CREATED', 'asset', 62, '{"detail":"Automated bulk logging entry reference #7061"}'),
    (62, 23, 'AUDIT_CYCLE_CLOSED', 'asset', 63, '{"detail":"Automated bulk logging entry reference #7062"}'),
    (63, 24, 'LOGIN', 'asset', 64, '{"detail":"Automated bulk logging entry reference #7063"}'),
    (64, 25, 'LOGOUT', 'asset', 65, '{"detail":"Automated bulk logging entry reference #7064"}'),
    (65, 26, 'ASSET_REGISTERED', 'asset', 66, '{"detail":"Automated bulk logging entry reference #7065"}'),
    (66, 27, 'ASSET_ALLOCATED', 'asset', 67, '{"detail":"Automated bulk logging entry reference #7066"}'),
    (67, 28, 'MAINTENANCE_APPROVED', 'asset', 68, '{"detail":"Automated bulk logging entry reference #7067"}'),
    (68, 29, 'BOOKING_CREATED', 'asset', 69, '{"detail":"Automated bulk logging entry reference #7068"}'),
    (69, 30, 'AUDIT_CYCLE_CLOSED', 'asset', 70, '{"detail":"Automated bulk logging entry reference #7069"}'),
    (70, 31, 'LOGIN', 'asset', 71, '{"detail":"Automated bulk logging entry reference #7070"}'),
    (71, 32, 'LOGOUT', 'asset', 72, '{"detail":"Automated bulk logging entry reference #7071"}'),
    (72, 33, 'ASSET_REGISTERED', 'asset', 73, '{"detail":"Automated bulk logging entry reference #7072"}'),
    (73, 34, 'ASSET_ALLOCATED', 'asset', 74, '{"detail":"Automated bulk logging entry reference #7073"}'),
    (74, 35, 'MAINTENANCE_APPROVED', 'asset', 75, '{"detail":"Automated bulk logging entry reference #7074"}'),
    (75, 36, 'BOOKING_CREATED', 'asset', 76, '{"detail":"Automated bulk logging entry reference #7075"}'),
    (76, 37, 'AUDIT_CYCLE_CLOSED', 'asset', 77, '{"detail":"Automated bulk logging entry reference #7076"}'),
    (77, 38, 'LOGIN', 'asset', 78, '{"detail":"Automated bulk logging entry reference #7077"}'),
    (78, 39, 'LOGOUT', 'asset', 79, '{"detail":"Automated bulk logging entry reference #7078"}'),
    (79, 40, 'ASSET_REGISTERED', 'asset', 80, '{"detail":"Automated bulk logging entry reference #7079"}'),
    (80, 1, 'ASSET_ALLOCATED', 'asset', 81, '{"detail":"Automated bulk logging entry reference #7080"}'),
    (81, 2, 'MAINTENANCE_APPROVED', 'asset', 82, '{"detail":"Automated bulk logging entry reference #7081"}'),
    (82, 3, 'BOOKING_CREATED', 'asset', 83, '{"detail":"Automated bulk logging entry reference #7082"}'),
    (83, 4, 'AUDIT_CYCLE_CLOSED', 'asset', 84, '{"detail":"Automated bulk logging entry reference #7083"}'),
    (84, 5, 'LOGIN', 'asset', 85, '{"detail":"Automated bulk logging entry reference #7084"}'),
    (85, 6, 'LOGOUT', 'asset', 86, '{"detail":"Automated bulk logging entry reference #7085"}'),
    (86, 7, 'ASSET_REGISTERED', 'asset', 87, '{"detail":"Automated bulk logging entry reference #7086"}'),
    (87, 8, 'ASSET_ALLOCATED', 'asset', 88, '{"detail":"Automated bulk logging entry reference #7087"}'),
    (88, 9, 'MAINTENANCE_APPROVED', 'asset', 89, '{"detail":"Automated bulk logging entry reference #7088"}'),
    (89, 10, 'BOOKING_CREATED', 'asset', 90, '{"detail":"Automated bulk logging entry reference #7089"}'),
    (90, 11, 'AUDIT_CYCLE_CLOSED', 'asset', 91, '{"detail":"Automated bulk logging entry reference #7090"}'),
    (91, 12, 'LOGIN', 'asset', 92, '{"detail":"Automated bulk logging entry reference #7091"}'),
    (92, 13, 'LOGOUT', 'asset', 93, '{"detail":"Automated bulk logging entry reference #7092"}'),
    (93, 14, 'ASSET_REGISTERED', 'asset', 94, '{"detail":"Automated bulk logging entry reference #7093"}'),
    (94, 15, 'ASSET_ALLOCATED', 'asset', 95, '{"detail":"Automated bulk logging entry reference #7094"}'),
    (95, 16, 'MAINTENANCE_APPROVED', 'asset', 96, '{"detail":"Automated bulk logging entry reference #7095"}'),
    (96, 17, 'BOOKING_CREATED', 'asset', 97, '{"detail":"Automated bulk logging entry reference #7096"}'),
    (97, 18, 'AUDIT_CYCLE_CLOSED', 'asset', 98, '{"detail":"Automated bulk logging entry reference #7097"}'),
    (98, 19, 'LOGIN', 'asset', 99, '{"detail":"Automated bulk logging entry reference #7098"}'),
    (99, 20, 'LOGOUT', 'asset', 100, '{"detail":"Automated bulk logging entry reference #7099"}'),
    (100, 21, 'ASSET_REGISTERED', 'asset', 1, '{"detail":"Automated bulk logging entry reference #7100"}'),
    (101, 22, 'ASSET_ALLOCATED', 'asset', 2, '{"detail":"Automated bulk logging entry reference #7101"}'),
    (102, 23, 'MAINTENANCE_APPROVED', 'asset', 3, '{"detail":"Automated bulk logging entry reference #7102"}'),
    (103, 24, 'BOOKING_CREATED', 'asset', 4, '{"detail":"Automated bulk logging entry reference #7103"}'),
    (104, 25, 'AUDIT_CYCLE_CLOSED', 'asset', 5, '{"detail":"Automated bulk logging entry reference #7104"}'),
    (105, 26, 'LOGIN', 'asset', 6, '{"detail":"Automated bulk logging entry reference #7105"}'),
    (106, 27, 'LOGOUT', 'asset', 7, '{"detail":"Automated bulk logging entry reference #7106"}'),
    (107, 28, 'ASSET_REGISTERED', 'asset', 8, '{"detail":"Automated bulk logging entry reference #7107"}'),
    (108, 29, 'ASSET_ALLOCATED', 'asset', 9, '{"detail":"Automated bulk logging entry reference #7108"}'),
    (109, 30, 'MAINTENANCE_APPROVED', 'asset', 10, '{"detail":"Automated bulk logging entry reference #7109"}'),
    (110, 31, 'BOOKING_CREATED', 'asset', 11, '{"detail":"Automated bulk logging entry reference #7110"}'),
    (111, 32, 'AUDIT_CYCLE_CLOSED', 'asset', 12, '{"detail":"Automated bulk logging entry reference #7111"}'),
    (112, 33, 'LOGIN', 'asset', 13, '{"detail":"Automated bulk logging entry reference #7112"}'),
    (113, 34, 'LOGOUT', 'asset', 14, '{"detail":"Automated bulk logging entry reference #7113"}'),
    (114, 35, 'ASSET_REGISTERED', 'asset', 15, '{"detail":"Automated bulk logging entry reference #7114"}'),
    (115, 36, 'ASSET_ALLOCATED', 'asset', 16, '{"detail":"Automated bulk logging entry reference #7115"}'),
    (116, 37, 'MAINTENANCE_APPROVED', 'asset', 17, '{"detail":"Automated bulk logging entry reference #7116"}'),
    (117, 38, 'BOOKING_CREATED', 'asset', 18, '{"detail":"Automated bulk logging entry reference #7117"}'),
    (118, 39, 'AUDIT_CYCLE_CLOSED', 'asset', 19, '{"detail":"Automated bulk logging entry reference #7118"}'),
    (119, 40, 'LOGIN', 'asset', 20, '{"detail":"Automated bulk logging entry reference #7119"}'),
    (120, 1, 'LOGOUT', 'asset', 21, '{"detail":"Automated bulk logging entry reference #7120"}'),
    (121, 2, 'ASSET_REGISTERED', 'asset', 22, '{"detail":"Automated bulk logging entry reference #7121"}'),
    (122, 3, 'ASSET_ALLOCATED', 'asset', 23, '{"detail":"Automated bulk logging entry reference #7122"}'),
    (123, 4, 'MAINTENANCE_APPROVED', 'asset', 24, '{"detail":"Automated bulk logging entry reference #7123"}'),
    (124, 5, 'BOOKING_CREATED', 'asset', 25, '{"detail":"Automated bulk logging entry reference #7124"}'),
    (125, 6, 'AUDIT_CYCLE_CLOSED', 'asset', 26, '{"detail":"Automated bulk logging entry reference #7125"}'),
    (126, 7, 'LOGIN', 'asset', 27, '{"detail":"Automated bulk logging entry reference #7126"}'),
    (127, 8, 'LOGOUT', 'asset', 28, '{"detail":"Automated bulk logging entry reference #7127"}'),
    (128, 9, 'ASSET_REGISTERED', 'asset', 29, '{"detail":"Automated bulk logging entry reference #7128"}'),
    (129, 10, 'ASSET_ALLOCATED', 'asset', 30, '{"detail":"Automated bulk logging entry reference #7129"}'),
    (130, 11, 'MAINTENANCE_APPROVED', 'asset', 31, '{"detail":"Automated bulk logging entry reference #7130"}'),
    (131, 12, 'BOOKING_CREATED', 'asset', 32, '{"detail":"Automated bulk logging entry reference #7131"}'),
    (132, 13, 'AUDIT_CYCLE_CLOSED', 'asset', 33, '{"detail":"Automated bulk logging entry reference #7132"}'),
    (133, 14, 'LOGIN', 'asset', 34, '{"detail":"Automated bulk logging entry reference #7133"}'),
    (134, 15, 'LOGOUT', 'asset', 35, '{"detail":"Automated bulk logging entry reference #7134"}'),
    (135, 16, 'ASSET_REGISTERED', 'asset', 36, '{"detail":"Automated bulk logging entry reference #7135"}'),
    (136, 17, 'ASSET_ALLOCATED', 'asset', 37, '{"detail":"Automated bulk logging entry reference #7136"}'),
    (137, 18, 'MAINTENANCE_APPROVED', 'asset', 38, '{"detail":"Automated bulk logging entry reference #7137"}'),
    (138, 19, 'BOOKING_CREATED', 'asset', 39, '{"detail":"Automated bulk logging entry reference #7138"}'),
    (139, 20, 'AUDIT_CYCLE_CLOSED', 'asset', 40, '{"detail":"Automated bulk logging entry reference #7139"}'),
    (140, 21, 'LOGIN', 'asset', 41, '{"detail":"Automated bulk logging entry reference #7140"}'),
    (141, 22, 'LOGOUT', 'asset', 42, '{"detail":"Automated bulk logging entry reference #7141"}'),
    (142, 23, 'ASSET_REGISTERED', 'asset', 43, '{"detail":"Automated bulk logging entry reference #7142"}'),
    (143, 24, 'ASSET_ALLOCATED', 'asset', 44, '{"detail":"Automated bulk logging entry reference #7143"}'),
    (144, 25, 'MAINTENANCE_APPROVED', 'asset', 45, '{"detail":"Automated bulk logging entry reference #7144"}'),
    (145, 26, 'BOOKING_CREATED', 'asset', 46, '{"detail":"Automated bulk logging entry reference #7145"}'),
    (146, 27, 'AUDIT_CYCLE_CLOSED', 'asset', 47, '{"detail":"Automated bulk logging entry reference #7146"}'),
    (147, 28, 'LOGIN', 'asset', 48, '{"detail":"Automated bulk logging entry reference #7147"}'),
    (148, 29, 'LOGOUT', 'asset', 49, '{"detail":"Automated bulk logging entry reference #7148"}'),
    (149, 30, 'ASSET_REGISTERED', 'asset', 50, '{"detail":"Automated bulk logging entry reference #7149"}'),
    (150, 31, 'ASSET_ALLOCATED', 'asset', 51, '{"detail":"Automated bulk logging entry reference #7150"}'),
    (151, 32, 'MAINTENANCE_APPROVED', 'asset', 52, '{"detail":"Automated bulk logging entry reference #7151"}'),
    (152, 33, 'BOOKING_CREATED', 'asset', 53, '{"detail":"Automated bulk logging entry reference #7152"}'),
    (153, 34, 'AUDIT_CYCLE_CLOSED', 'asset', 54, '{"detail":"Automated bulk logging entry reference #7153"}'),
    (154, 35, 'LOGIN', 'asset', 55, '{"detail":"Automated bulk logging entry reference #7154"}'),
    (155, 36, 'LOGOUT', 'asset', 56, '{"detail":"Automated bulk logging entry reference #7155"}'),
    (156, 37, 'ASSET_REGISTERED', 'asset', 57, '{"detail":"Automated bulk logging entry reference #7156"}'),
    (157, 38, 'ASSET_ALLOCATED', 'asset', 58, '{"detail":"Automated bulk logging entry reference #7157"}'),
    (158, 39, 'MAINTENANCE_APPROVED', 'asset', 59, '{"detail":"Automated bulk logging entry reference #7158"}'),
    (159, 40, 'BOOKING_CREATED', 'asset', 60, '{"detail":"Automated bulk logging entry reference #7159"}'),
    (160, 1, 'AUDIT_CYCLE_CLOSED', 'asset', 61, '{"detail":"Automated bulk logging entry reference #7160"}'),
    (161, 2, 'LOGIN', 'asset', 62, '{"detail":"Automated bulk logging entry reference #7161"}'),
    (162, 3, 'LOGOUT', 'asset', 63, '{"detail":"Automated bulk logging entry reference #7162"}'),
    (163, 4, 'ASSET_REGISTERED', 'asset', 64, '{"detail":"Automated bulk logging entry reference #7163"}'),
    (164, 5, 'ASSET_ALLOCATED', 'asset', 65, '{"detail":"Automated bulk logging entry reference #7164"}'),
    (165, 6, 'MAINTENANCE_APPROVED', 'asset', 66, '{"detail":"Automated bulk logging entry reference #7165"}'),
    (166, 7, 'BOOKING_CREATED', 'asset', 67, '{"detail":"Automated bulk logging entry reference #7166"}'),
    (167, 8, 'AUDIT_CYCLE_CLOSED', 'asset', 68, '{"detail":"Automated bulk logging entry reference #7167"}'),
    (168, 9, 'LOGIN', 'asset', 69, '{"detail":"Automated bulk logging entry reference #7168"}'),
    (169, 10, 'LOGOUT', 'asset', 70, '{"detail":"Automated bulk logging entry reference #7169"}'),
    (170, 11, 'ASSET_REGISTERED', 'asset', 71, '{"detail":"Automated bulk logging entry reference #7170"}'),
    (171, 12, 'ASSET_ALLOCATED', 'asset', 72, '{"detail":"Automated bulk logging entry reference #7171"}'),
    (172, 13, 'MAINTENANCE_APPROVED', 'asset', 73, '{"detail":"Automated bulk logging entry reference #7172"}'),
    (173, 14, 'BOOKING_CREATED', 'asset', 74, '{"detail":"Automated bulk logging entry reference #7173"}'),
    (174, 15, 'AUDIT_CYCLE_CLOSED', 'asset', 75, '{"detail":"Automated bulk logging entry reference #7174"}'),
    (175, 16, 'LOGIN', 'asset', 76, '{"detail":"Automated bulk logging entry reference #7175"}'),
    (176, 17, 'LOGOUT', 'asset', 77, '{"detail":"Automated bulk logging entry reference #7176"}'),
    (177, 18, 'ASSET_REGISTERED', 'asset', 78, '{"detail":"Automated bulk logging entry reference #7177"}'),
    (178, 19, 'ASSET_ALLOCATED', 'asset', 79, '{"detail":"Automated bulk logging entry reference #7178"}'),
    (179, 20, 'MAINTENANCE_APPROVED', 'asset', 80, '{"detail":"Automated bulk logging entry reference #7179"}'),
    (180, 21, 'BOOKING_CREATED', 'asset', 81, '{"detail":"Automated bulk logging entry reference #7180"}'),
    (181, 22, 'AUDIT_CYCLE_CLOSED', 'asset', 82, '{"detail":"Automated bulk logging entry reference #7181"}'),
    (182, 23, 'LOGIN', 'asset', 83, '{"detail":"Automated bulk logging entry reference #7182"}'),
    (183, 24, 'LOGOUT', 'asset', 84, '{"detail":"Automated bulk logging entry reference #7183"}'),
    (184, 25, 'ASSET_REGISTERED', 'asset', 85, '{"detail":"Automated bulk logging entry reference #7184"}'),
    (185, 26, 'ASSET_ALLOCATED', 'asset', 86, '{"detail":"Automated bulk logging entry reference #7185"}'),
    (186, 27, 'MAINTENANCE_APPROVED', 'asset', 87, '{"detail":"Automated bulk logging entry reference #7186"}'),
    (187, 28, 'BOOKING_CREATED', 'asset', 88, '{"detail":"Automated bulk logging entry reference #7187"}'),
    (188, 29, 'AUDIT_CYCLE_CLOSED', 'asset', 89, '{"detail":"Automated bulk logging entry reference #7188"}'),
    (189, 30, 'LOGIN', 'asset', 90, '{"detail":"Automated bulk logging entry reference #7189"}'),
    (190, 31, 'LOGOUT', 'asset', 91, '{"detail":"Automated bulk logging entry reference #7190"}'),
    (191, 32, 'ASSET_REGISTERED', 'asset', 92, '{"detail":"Automated bulk logging entry reference #7191"}'),
    (192, 33, 'ASSET_ALLOCATED', 'asset', 93, '{"detail":"Automated bulk logging entry reference #7192"}'),
    (193, 34, 'MAINTENANCE_APPROVED', 'asset', 94, '{"detail":"Automated bulk logging entry reference #7193"}'),
    (194, 35, 'BOOKING_CREATED', 'asset', 95, '{"detail":"Automated bulk logging entry reference #7194"}'),
    (195, 36, 'AUDIT_CYCLE_CLOSED', 'asset', 96, '{"detail":"Automated bulk logging entry reference #7195"}'),
    (196, 37, 'LOGIN', 'asset', 97, '{"detail":"Automated bulk logging entry reference #7196"}'),
    (197, 38, 'LOGOUT', 'asset', 98, '{"detail":"Automated bulk logging entry reference #7197"}'),
    (198, 39, 'ASSET_REGISTERED', 'asset', 99, '{"detail":"Automated bulk logging entry reference #7198"}'),
    (199, 40, 'ASSET_ALLOCATED', 'asset', 100, '{"detail":"Automated bulk logging entry reference #7199"}'),
    (200, 1, 'MAINTENANCE_APPROVED', 'asset', 1, '{"detail":"Automated bulk logging entry reference #7200"}'),
    (201, 2, 'BOOKING_CREATED', 'asset', 2, '{"detail":"Automated bulk logging entry reference #7201"}'),
    (202, 3, 'AUDIT_CYCLE_CLOSED', 'asset', 3, '{"detail":"Automated bulk logging entry reference #7202"}'),
    (203, 4, 'LOGIN', 'asset', 4, '{"detail":"Automated bulk logging entry reference #7203"}'),
    (204, 5, 'LOGOUT', 'asset', 5, '{"detail":"Automated bulk logging entry reference #7204"}'),
    (205, 6, 'ASSET_REGISTERED', 'asset', 6, '{"detail":"Automated bulk logging entry reference #7205"}'),
    (206, 7, 'ASSET_ALLOCATED', 'asset', 7, '{"detail":"Automated bulk logging entry reference #7206"}'),
    (207, 8, 'MAINTENANCE_APPROVED', 'asset', 8, '{"detail":"Automated bulk logging entry reference #7207"}'),
    (208, 9, 'BOOKING_CREATED', 'asset', 9, '{"detail":"Automated bulk logging entry reference #7208"}'),
    (209, 10, 'AUDIT_CYCLE_CLOSED', 'asset', 10, '{"detail":"Automated bulk logging entry reference #7209"}'),
    (210, 11, 'LOGIN', 'asset', 11, '{"detail":"Automated bulk logging entry reference #7210"}'),
    (211, 12, 'LOGOUT', 'asset', 12, '{"detail":"Automated bulk logging entry reference #7211"}'),
    (212, 13, 'ASSET_REGISTERED', 'asset', 13, '{"detail":"Automated bulk logging entry reference #7212"}'),
    (213, 14, 'ASSET_ALLOCATED', 'asset', 14, '{"detail":"Automated bulk logging entry reference #7213"}'),
    (214, 15, 'MAINTENANCE_APPROVED', 'asset', 15, '{"detail":"Automated bulk logging entry reference #7214"}'),
    (215, 16, 'BOOKING_CREATED', 'asset', 16, '{"detail":"Automated bulk logging entry reference #7215"}'),
    (216, 17, 'AUDIT_CYCLE_CLOSED', 'asset', 17, '{"detail":"Automated bulk logging entry reference #7216"}'),
    (217, 18, 'LOGIN', 'asset', 18, '{"detail":"Automated bulk logging entry reference #7217"}'),
    (218, 19, 'LOGOUT', 'asset', 19, '{"detail":"Automated bulk logging entry reference #7218"}'),
    (219, 20, 'ASSET_REGISTERED', 'asset', 20, '{"detail":"Automated bulk logging entry reference #7219"}'),
    (220, 21, 'ASSET_ALLOCATED', 'asset', 21, '{"detail":"Automated bulk logging entry reference #7220"}'),
    (221, 22, 'MAINTENANCE_APPROVED', 'asset', 22, '{"detail":"Automated bulk logging entry reference #7221"}'),
    (222, 23, 'BOOKING_CREATED', 'asset', 23, '{"detail":"Automated bulk logging entry reference #7222"}'),
    (223, 24, 'AUDIT_CYCLE_CLOSED', 'asset', 24, '{"detail":"Automated bulk logging entry reference #7223"}'),
    (224, 25, 'LOGIN', 'asset', 25, '{"detail":"Automated bulk logging entry reference #7224"}'),
    (225, 26, 'LOGOUT', 'asset', 26, '{"detail":"Automated bulk logging entry reference #7225"}'),
    (226, 27, 'ASSET_REGISTERED', 'asset', 27, '{"detail":"Automated bulk logging entry reference #7226"}'),
    (227, 28, 'ASSET_ALLOCATED', 'asset', 28, '{"detail":"Automated bulk logging entry reference #7227"}'),
    (228, 29, 'MAINTENANCE_APPROVED', 'asset', 29, '{"detail":"Automated bulk logging entry reference #7228"}'),
    (229, 30, 'BOOKING_CREATED', 'asset', 30, '{"detail":"Automated bulk logging entry reference #7229"}'),
    (230, 31, 'AUDIT_CYCLE_CLOSED', 'asset', 31, '{"detail":"Automated bulk logging entry reference #7230"}'),
    (231, 32, 'LOGIN', 'asset', 32, '{"detail":"Automated bulk logging entry reference #7231"}'),
    (232, 33, 'LOGOUT', 'asset', 33, '{"detail":"Automated bulk logging entry reference #7232"}'),
    (233, 34, 'ASSET_REGISTERED', 'asset', 34, '{"detail":"Automated bulk logging entry reference #7233"}'),
    (234, 35, 'ASSET_ALLOCATED', 'asset', 35, '{"detail":"Automated bulk logging entry reference #7234"}'),
    (235, 36, 'MAINTENANCE_APPROVED', 'asset', 36, '{"detail":"Automated bulk logging entry reference #7235"}'),
    (236, 37, 'BOOKING_CREATED', 'asset', 37, '{"detail":"Automated bulk logging entry reference #7236"}'),
    (237, 38, 'AUDIT_CYCLE_CLOSED', 'asset', 38, '{"detail":"Automated bulk logging entry reference #7237"}'),
    (238, 39, 'LOGIN', 'asset', 39, '{"detail":"Automated bulk logging entry reference #7238"}'),
    (239, 40, 'LOGOUT', 'asset', 40, '{"detail":"Automated bulk logging entry reference #7239"}'),
    (240, 1, 'ASSET_REGISTERED', 'asset', 41, '{"detail":"Automated bulk logging entry reference #7240"}'),
    (241, 2, 'ASSET_ALLOCATED', 'asset', 42, '{"detail":"Automated bulk logging entry reference #7241"}'),
    (242, 3, 'MAINTENANCE_APPROVED', 'asset', 43, '{"detail":"Automated bulk logging entry reference #7242"}'),
    (243, 4, 'BOOKING_CREATED', 'asset', 44, '{"detail":"Automated bulk logging entry reference #7243"}'),
    (244, 5, 'AUDIT_CYCLE_CLOSED', 'asset', 45, '{"detail":"Automated bulk logging entry reference #7244"}'),
    (245, 6, 'LOGIN', 'asset', 46, '{"detail":"Automated bulk logging entry reference #7245"}'),
    (246, 7, 'LOGOUT', 'asset', 47, '{"detail":"Automated bulk logging entry reference #7246"}'),
    (247, 8, 'ASSET_REGISTERED', 'asset', 48, '{"detail":"Automated bulk logging entry reference #7247"}'),
    (248, 9, 'ASSET_ALLOCATED', 'asset', 49, '{"detail":"Automated bulk logging entry reference #7248"}'),
    (249, 10, 'MAINTENANCE_APPROVED', 'asset', 50, '{"detail":"Automated bulk logging entry reference #7249"}'),
    (250, 11, 'BOOKING_CREATED', 'asset', 51, '{"detail":"Automated bulk logging entry reference #7250"}'),
    (251, 12, 'AUDIT_CYCLE_CLOSED', 'asset', 52, '{"detail":"Automated bulk logging entry reference #7251"}'),
    (252, 13, 'LOGIN', 'asset', 53, '{"detail":"Automated bulk logging entry reference #7252"}'),
    (253, 14, 'LOGOUT', 'asset', 54, '{"detail":"Automated bulk logging entry reference #7253"}'),
    (254, 15, 'ASSET_REGISTERED', 'asset', 55, '{"detail":"Automated bulk logging entry reference #7254"}'),
    (255, 16, 'ASSET_ALLOCATED', 'asset', 56, '{"detail":"Automated bulk logging entry reference #7255"}'),
    (256, 17, 'MAINTENANCE_APPROVED', 'asset', 57, '{"detail":"Automated bulk logging entry reference #7256"}'),
    (257, 18, 'BOOKING_CREATED', 'asset', 58, '{"detail":"Automated bulk logging entry reference #7257"}'),
    (258, 19, 'AUDIT_CYCLE_CLOSED', 'asset', 59, '{"detail":"Automated bulk logging entry reference #7258"}'),
    (259, 20, 'LOGIN', 'asset', 60, '{"detail":"Automated bulk logging entry reference #7259"}'),
    (260, 21, 'LOGOUT', 'asset', 61, '{"detail":"Automated bulk logging entry reference #7260"}');

